{
    "images": [
        {
            "height": 300,
            "width": 300,
            "id": 1,
            "file_name": "detectron/test\\10058.jpg"
        },
        {
            "height": 300,
            "width": 300,
            "id": 2,
            "file_name": "detectron/test\\10059.jpg"
        },
        {
            "height": 300,
            "width": 300,
            "id": 3,
            "file_name": "detectron/test\\10060.jpg"
        },
        {
            "height": 300,
            "width": 300,
            "id": 4,
            "file_name": "detectron/test\\1058.jpg"
        },
        {
            "height": 300,
            "width": 300,
            "id": 5,
            "file_name": "detectron/test\\1059.jpg"
        },
        {
            "height": 300,
            "width": 300,
            "id": 6,
            "file_name": "detectron/test\\1060.jpg"
        },
        {
            "height": 300,
            "width": 300,
            "id": 7,
            "file_name": "detectron/test\\58.jpg"
        },
        {
            "height": 300,
            "width": 300,
            "id": 8,
            "file_name": "detectron/test\\59.jpg"
        },
        {
            "height": 300,
            "width": 300,
            "id": 9,
            "file_name": "detectron/test\\60.jpg"
        }
    ],
    "categories": [
        {
            "supercategory": "branch",
            "id": 1,
            "name": "branch"
        },
        {
            "supercategory": "brain",
            "id": 2,
            "name": "brain"
        },
        {
            "supercategory": "table",
            "id": 3,
            "name": "table"
        }
    ],
    "annotations": [
        {
            "iscrowd": 0,
            "image_id": 1,
            "bbox": [
                35.0,
                34.0,
                263.0,
                265.0
            ],
            "segmentation": [
                [
                    282.72210743801656,
                    292.7854938271605,
                    177.47933884297524,
                    261.9212962962963,
                    143.25929752066116,
                    292.7854938271605,
                    125.18078512396696,
                    263.85030864197535,
                    94.18904958677687,
                    299.53703703703707,
                    35.43388429752066,
                    264.81481481481484,
                    50.92975206611571,
                    181.8672839506173,
                    71.5909090909091,
                    85.41666666666667,
                    103.87396694214877,
                    70.94907407407408,
                    121.95247933884298,
                    43.94290123456791,
                    144.55061983471077,
                    51.65895061728397,
                    178.125,
                    34.297839506172856,
                    225.25826446280993,
                    67.09104938271606,
                    227.84090909090912,
                    87.34567901234568,
                    259.478305785124,
                    85.41666666666667,
                    296.2809917355372,
                    79.62962962962963,
                    298.2179752066116,
                    282.1759259259259
                ]
            ],
            "category_id": 1,
            "id": 1,
            "area": 90000
        },
        {
            "iscrowd": 0,
            "image_id": 2,
            "bbox": [
                3.0,
                47.0,
                291.0,
                245.0
            ],
            "segmentation": [
                [
                    274.7916666666667,
                    292.479674796748,
                    294.3229166666667,
                    154.01422764227644,
                    260.46875,
                    108.28252032520328,
                    236.38020833333337,
                    123.52642276422766,
                    209.6875,
                    84.14634146341463,
                    189.50520833333337,
                    93.03861788617888,
                    178.4375,
                    146.39227642276424,
                    164.765625,
                    109.5528455284553,
                    135.46875,
                    100.66056910569108,
                    119.84375,
                    47.30691056910571,
                    74.27083333333334,
                    47.30691056910571,
                    42.36979166666667,
                    57.46951219512195,
                    48.88020833333334,
                    84.14634146341463,
                    30.65104166666667,
                    89.22764227642278,
                    23.489583333333336,
                    122.2560975609756,
                    9.166666666666668,
                    122.2560975609756,
                    8.515625,
                    141.3109756097561,
                    25.442708333333336,
                    170.52845528455288,
                    8.515625,
                    160.3658536585366,
                    4.609375,
                    198.47560975609755,
                    3.3072916666666674,
                    292.479674796748
                ]
            ],
            "category_id": 1,
            "id": 2,
            "area": 90000
        },
        {
            "iscrowd": 0,
            "image_id": 3,
            "bbox": [
                3.0,
                26.0,
                296.0,
                271.0
            ],
            "segmentation": [
                [
                    296.1892459228161,
                    297.58787878787876,
                    5.53851122234781,
                    296.98181818181814,
                    3.116421766510574,
                    140.0121212121212,
                    54.787663491038266,
                    183.04242424242423,
                    32.181495236557396,
                    32.13333333333333,
                    65.28338446633295,
                    26.07272727272727,
                    89.50427902470531,
                    130.92121212121214,
                    113.72517358307768,
                    101.22424242424243,
                    128.2577103181011,
                    108.4969696969697,
                    116.14726303891489,
                    154.55757575757576,
                    148.4417891167447,
                    140.6181818181818,
                    139.56079444534151,
                    85.46666666666667,
                    152.47860487647344,
                    84.25454545454545,
                    167.8185047634426,
                    113.95151515151515,
                    174.27740997900855,
                    87.28484848484848,
                    200.92039399321814,
                    96.37575757575758,
                    216.2602938801873,
                    67.89090909090909,
                    240.48118843855966,
                    104.25454545454545,
                    276.0051671241725,
                    66.67878787878787,
                    287.30825125141286,
                    72.13333333333333,
                    272.7757145163895,
                    98.19393939393939,
                    273.5830776683352,
                    111.52727272727273,
                    266.3168093008235,
                    148.4969696969697,
                    295.3818827708703,
                    121.22424242424243,
                    299.41869853059904,
                    218.8,
                    271.9683513644437,
                    241.830303030303
                ]
            ],
            "category_id": 1,
            "id": 3,
            "area": 90000
        },
        {
            "iscrowd": 0,
            "image_id": 4,
            "bbox": [
                56.0,
                111.0,
                164.0,
                115.0
            ],
            "segmentation": [
                [
                    56.656034916904474,
                    192.5257731958763,
                    85.61356387443342,
                    220.2599731062304,
                    149.82373678025849,
                    226.1429852084267,
                    203.3322142017794,
                    224.46212460779918,
                    220.32902467685074,
                    190.00448229493497,
                    212.77488668793015,
                    153.8659793814433,
                    182.55833473224774,
                    123.61048857014791,
                    139.75155279503105,
                    111.0040340654415,
                    92.5381903642773,
                    118.56790676826535,
                    65.4691959039785,
                    147.98296727924696
                ]
            ],
            "category_id": 2,
            "id": 4,
            "area": 90000
        },
        {
            "iscrowd": 0,
            "image_id": 5,
            "bbox": [
                60.0,
                16.0,
                182.0,
                227.0
            ],
            "segmentation": [
                [
                    231.66023166023163,
                    186.64276109367995,
                    205.85026019808626,
                    226.98341550874045,
                    130.938391807957,
                    243.79202151501568,
                    84.35454087628,
                    225.30255490811294,
                    61.69212690951821,
                    171.5150156880323,
                    60.433103911364775,
                    106.8018825638727,
                    88.13160987074029,
                    49.65262214253697,
                    134.7154608024173,
                    16.035410129986555,
                    185.70589222763132,
                    16.87584043030031,
                    230.4012086620782,
                    54.69520394441953,
                    242.99143864361253,
                    111.0040340654415,
                    236.06681215376864,
                    163.95114298520843
                ]
            ],
            "category_id": 2,
            "id": 5,
            "area": 90000
        },
        {
            "iscrowd": 0,
            "image_id": 6,
            "bbox": [
                54.0,
                58.0,
                210.0,
                196.0
            ],
            "segmentation": [
                [
                    216.9206516027325,
                    164.22818155974602,
                    187.28323699421964,
                    220.1364540888847,
                    121.70257488176563,
                    254.24997631005405,
                    63.688912243825534,
                    236.24561735999242,
                    54.86074619022595,
                    175.59935563346917,
                    88.2816605359958,
                    110.21510470956126,
                    128.0084077771939,
                    82.73476736473042,
                    184.13032054650552,
                    96.94873495688431,
                    211.24540199684705,
                    59.04482137780726,
                    244.03573305307407,
                    58.09722353833033,
                    264.8449816079874,
                    90.31555008054582,
                    262.9532317393589,
                    113.05789822799204,
                    251.60273252758802,
                    104.5295176726997,
                    229.53231739358907,
                    126.32426798066903,
                    233.94640042038884,
                    139.59063773334597
                ]
            ],
            "category_id": 2,
            "id": 6,
            "area": 90000
        },
        {
            "iscrowd": 0,
            "image_id": 7,
            "bbox": [
                50.0,
                114.0,
                204.0,
                142.0
            ],
            "segmentation": [
                [
                    126.91631063081175,
                    126.32426798066903,
                    94.24478512188992,
                    114.95309390694591,
                    63.458155315405875,
                    146.22382260968445,
                    50.89218396582056,
                    198.34170378091537,
                    72.2543352601156,
                    236.24561735999242,
                    126.28801206333249,
                    240.98360655737704,
                    150.1633576275446,
                    238.14081303894628,
                    187.23297310882128,
                    256.1451719890079,
                    249.43453128926865,
                    213.5032692125462,
                    175.92359889419453,
                    209.7128778546385,
                    183.4631817039457,
                    168.96617075713067,
                    254.46091982910278,
                    175.59935563346917,
                    205.45363156572003,
                    129.16706149909976,
                    155.18974616737873,
                    119.69108310433052,
                    129.42950490072883,
                    140.53823557282288
                ]
            ],
            "category_id": 3,
            "id": 7,
            "area": 90000
        },
        {
            "iscrowd": 0,
            "image_id": 8,
            "bbox": [
                86.0,
                151.0,
                116.0,
                102.0
            ],
            "segmentation": [
                [
                    109.7214923804519,
                    178.44214915189994,
                    163.95165528113506,
                    151.909409646546,
                    202.4172359432475,
                    161.38538804131525,
                    186.65265370467682,
                    211.60807353359235,
                    131.79190751445086,
                    253.3023784705771,
                    92.69574356279558,
                    241.93120439685399,
                    86.3899106673673,
                    212.5556713730693
                ]
            ],
            "category_id": 3,
            "id": 8,
            "area": 90000
        },
        {
            "iscrowd": 0,
            "image_id": 9,
            "bbox": [
                46.0,
                157.0,
                138.0,
                124.0
            ],
            "segmentation": [
                [
                    66.21124540199685,
                    191.70851890457692,
                    46.663163426169206,
                    237.19321519946934,
                    47.293746715712025,
                    267.516346062731,
                    73.77824487651077,
                    281.73031365488487,
                    123.59432475039411,
                    265.62115038377715,
                    140.62007356805046,
                    278.8875201364541,
                    182.86915396741986,
                    252.3547806311002,
                    184.76090383604836,
                    215.39846489150005,
                    173.41040462427745,
                    202.13209513882308,
                    164.58223857067787,
                    176.5469534729461,
                    119.81082501313715,
                    157.5949966834076,
                    93.95691014188122,
                    159.49019236236146
                ]
            ],
            "category_id": 3,
            "id": 9,
            "area": 90000
        }
    ]
}