<annotation>
	<folder>coral_fire_table</folder>
	<filename>1.jpg</filename>
	<path>C:\Users\Nabeelah\Desktop\coral classification\coral_fire_table\1.jpg</path>
	<source>
		<database>Unknown</database>
	</source>
	<size>
		<width>460</width>
		<height>350</height>
		<depth>3</depth>
	</size>
	<segmented>0</segmented>
	<object>
		<name>table</name>
		<pose>Unspecified</pose>
		<truncated>0</truncated>
		<difficult>0</difficult>
		<bndbox>
			<xmin>9</xmin>
			<ymin>93</ymin>
			<xmax>239</xmax>
			<ymax>208</ymax>
		</bndbox>
	</object>
	<object>
		<name>table</name>
		<pose>Unspecified</pose>
		<truncated>0</truncated>
		<difficult>0</difficult>
		<bndbox>
			<xmin>157</xmin>
			<ymin>168</ymin>
			<xmax>434</xmax>
			<ymax>300</ymax>
		</bndbox>
	</object>
</annotation>
