<annotation>
	<folder>coral_fire_table</folder>
	<filename>10.jpg</filename>
	<path>C:\Users\Nabeelah\Desktop\coral classification\coral_fire_table\10.jpg</path>
	<source>
		<database>Unknown</database>
	</source>
	<size>
		<width>600</width>
		<height>400</height>
		<depth>3</depth>
	</size>
	<segmented>0</segmented>
	<object>
		<name>table</name>
		<pose>Unspecified</pose>
		<truncated>0</truncated>
		<difficult>0</difficult>
		<bndbox>
			<xmin>30</xmin>
			<ymin>306</ymin>
			<xmax>591</xmax>
			<ymax>398</ymax>
		</bndbox>
	</object>
</annotation>
