<annotation>
	<folder>coral_fire_table</folder>
	<filename>11.jpg</filename>
	<path>C:\Users\Nabeelah\Desktop\coral classification\coral_fire_table\11.jpg</path>
	<source>
		<database>Unknown</database>
	</source>
	<size>
		<width>581</width>
		<height>435</height>
		<depth>3</depth>
	</size>
	<segmented>0</segmented>
	<object>
		<name>table</name>
		<pose>Unspecified</pose>
		<truncated>0</truncated>
		<difficult>0</difficult>
		<bndbox>
			<xmin>119</xmin>
			<ymin>97</ymin>
			<xmax>301</xmax>
			<ymax>156</ymax>
		</bndbox>
	</object>
	<object>
		<name>table</name>
		<pose>Unspecified</pose>
		<truncated>0</truncated>
		<difficult>0</difficult>
		<bndbox>
			<xmin>296</xmin>
			<ymin>197</ymin>
			<xmax>578</xmax>
			<ymax>312</ymax>
		</bndbox>
	</object>
	<object>
		<name>table</name>
		<pose>Unspecified</pose>
		<truncated>0</truncated>
		<difficult>0</difficult>
		<bndbox>
			<xmin>18</xmin>
			<ymin>267</ymin>
			<xmax>164</xmax>
			<ymax>397</ymax>
		</bndbox>
	</object>
</annotation>
