<annotation>
	<folder>coral_fire_table</folder>
	<filename>13.jpg</filename>
	<path>C:\Users\Nabeelah\Desktop\coral classification\coral_fire_table\13.jpg</path>
	<source>
		<database>Unknown</database>
	</source>
	<size>
		<width>690</width>
		<height>460</height>
		<depth>3</depth>
	</size>
	<segmented>0</segmented>
	<object>
		<name>table</name>
		<pose>Unspecified</pose>
		<truncated>0</truncated>
		<difficult>0</difficult>
		<bndbox>
			<xmin>113</xmin>
			<ymin>176</ymin>
			<xmax>239</xmax>
			<ymax>230</ymax>
		</bndbox>
	</object>
	<object>
		<name>table</name>
		<pose>Unspecified</pose>
		<truncated>0</truncated>
		<difficult>0</difficult>
		<bndbox>
			<xmin>201</xmin>
			<ymin>206</ymin>
			<xmax>418</xmax>
			<ymax>288</ymax>
		</bndbox>
	</object>
	<object>
		<name>table</name>
		<pose>Unspecified</pose>
		<truncated>0</truncated>
		<difficult>0</difficult>
		<bndbox>
			<xmin>356</xmin>
			<ymin>310</ymin>
			<xmax>663</xmax>
			<ymax>450</ymax>
		</bndbox>
	</object>
	<object>
		<name>table</name>
		<pose>Unspecified</pose>
		<truncated>0</truncated>
		<difficult>0</difficult>
		<bndbox>
			<xmin>25</xmin>
			<ymin>236</ymin>
			<xmax>393</xmax>
			<ymax>411</ymax>
		</bndbox>
	</object>
</annotation>
