<annotation>
	<folder>coral_fire_table</folder>
	<filename>14.jpg</filename>
	<path>C:\Users\Nabeelah\Desktop\coral classification\coral_fire_table\14.jpg</path>
	<source>
		<database>Unknown</database>
	</source>
	<size>
		<width>2030</width>
		<height>1186</height>
		<depth>3</depth>
	</size>
	<segmented>0</segmented>
	<object>
		<name>table</name>
		<pose>Unspecified</pose>
		<truncated>0</truncated>
		<difficult>0</difficult>
		<bndbox>
			<xmin>680</xmin>
			<ymin>147</ymin>
			<xmax>1903</xmax>
			<ymax>901</ymax>
		</bndbox>
	</object>
</annotation>
