<annotation>
	<folder>coral_fire_table</folder>
	<filename>15.jpg</filename>
	<path>C:\Users\Nabeelah\Desktop\coral classification\coral_fire_table\15.jpg</path>
	<source>
		<database>Unknown</database>
	</source>
	<size>
		<width>576</width>
		<height>324</height>
		<depth>3</depth>
	</size>
	<segmented>0</segmented>
	<object>
		<name>table</name>
		<pose>Unspecified</pose>
		<truncated>0</truncated>
		<difficult>0</difficult>
		<bndbox>
			<xmin>72</xmin>
			<ymin>74</ymin>
			<xmax>396</xmax>
			<ymax>262</ymax>
		</bndbox>
	</object>
</annotation>
