<annotation>
	<folder>coral_fire_table</folder>
	<filename>19.jpg</filename>
	<path>C:\Users\Nabeelah\Desktop\coral classification\coral_fire_table\19.jpg</path>
	<source>
		<database>Unknown</database>
	</source>
	<size>
		<width>3000</width>
		<height>2000</height>
		<depth>3</depth>
	</size>
	<segmented>0</segmented>
	<object>
		<name>table</name>
		<pose>Unspecified</pose>
		<truncated>0</truncated>
		<difficult>0</difficult>
		<bndbox>
			<xmin>909</xmin>
			<ymin>643</ymin>
			<xmax>2478</xmax>
			<ymax>1086</ymax>
		</bndbox>
	</object>
</annotation>
