<annotation>
	<folder>coral_fire_table</folder>
	<filename>2.jpg</filename>
	<path>C:\Users\Nabeelah\Desktop\coral classification\coral_fire_table\2.jpg</path>
	<source>
		<database>Unknown</database>
	</source>
	<size>
		<width>275</width>
		<height>183</height>
		<depth>3</depth>
	</size>
	<segmented>0</segmented>
	<object>
		<name>table</name>
		<pose>Unspecified</pose>
		<truncated>0</truncated>
		<difficult>0</difficult>
		<bndbox>
			<xmin>39</xmin>
			<ymin>49</ymin>
			<xmax>218</xmax>
			<ymax>145</ymax>
		</bndbox>
	</object>
	<object>
		<name>table</name>
		<pose>Unspecified</pose>
		<truncated>0</truncated>
		<difficult>0</difficult>
		<bndbox>
			<xmin>223</xmin>
			<ymin>113</ymin>
			<xmax>274</xmax>
			<ymax>163</ymax>
		</bndbox>
	</object>
</annotation>
