<annotation>
	<folder>coral_fire_table</folder>
	<filename>20.jpg</filename>
	<path>C:\Users\Nabeelah\Desktop\coral classification\coral_fire_table\20.jpg</path>
	<source>
		<database>Unknown</database>
	</source>
	<size>
		<width>900</width>
		<height>589</height>
		<depth>3</depth>
	</size>
	<segmented>0</segmented>
	<object>
		<name>table</name>
		<pose>Unspecified</pose>
		<truncated>0</truncated>
		<difficult>0</difficult>
		<bndbox>
			<xmin>140</xmin>
			<ymin>82</ymin>
			<xmax>807</xmax>
			<ymax>268</ymax>
		</bndbox>
	</object>
	<object>
		<name>table</name>
		<pose>Unspecified</pose>
		<truncated>0</truncated>
		<difficult>0</difficult>
		<bndbox>
			<xmin>3</xmin>
			<ymin>391</ymin>
			<xmax>345</xmax>
			<ymax>494</ymax>
		</bndbox>
	</object>
</annotation>
