<annotation>
	<folder>coral_fire_table</folder>
	<filename>21.jpg</filename>
	<path>C:\Users\Nabeelah\Desktop\coral classification\coral_fire_table\21.jpg</path>
	<source>
		<database>Unknown</database>
	</source>
	<size>
		<width>900</width>
		<height>601</height>
		<depth>3</depth>
	</size>
	<segmented>0</segmented>
	<object>
		<name>table</name>
		<pose>Unspecified</pose>
		<truncated>0</truncated>
		<difficult>0</difficult>
		<bndbox>
			<xmin>245</xmin>
			<ymin>322</ymin>
			<xmax>766</xmax>
			<ymax>516</ymax>
		</bndbox>
	</object>
</annotation>
