<annotation>
	<folder>coral_fire_table</folder>
	<filename>22.jpg</filename>
	<path>C:\Users\Nabeelah\Desktop\coral classification\coral_fire_table\22.jpg</path>
	<source>
		<database>Unknown</database>
	</source>
	<size>
		<width>800</width>
		<height>532</height>
		<depth>3</depth>
	</size>
	<segmented>0</segmented>
	<object>
		<name>table</name>
		<pose>Unspecified</pose>
		<truncated>0</truncated>
		<difficult>0</difficult>
		<bndbox>
			<xmin>352</xmin>
			<ymin>186</ymin>
			<xmax>689</xmax>
			<ymax>281</ymax>
		</bndbox>
	</object>
</annotation>
