<annotation>
	<folder>coral_fire_table</folder>
	<filename>23.jpg</filename>
	<path>C:\Users\Nabeelah\Desktop\coral classification\coral_fire_table\23.jpg</path>
	<source>
		<database>Unknown</database>
	</source>
	<size>
		<width>259</width>
		<height>194</height>
		<depth>3</depth>
	</size>
	<segmented>0</segmented>
	<object>
		<name>table</name>
		<pose>Unspecified</pose>
		<truncated>0</truncated>
		<difficult>0</difficult>
		<bndbox>
			<xmin>103</xmin>
			<ymin>103</ymin>
			<xmax>237</xmax>
			<ymax>190</ymax>
		</bndbox>
	</object>
	<object>
		<name>table</name>
		<pose>Unspecified</pose>
		<truncated>0</truncated>
		<difficult>0</difficult>
		<bndbox>
			<xmin>7</xmin>
			<ymin>118</ymin>
			<xmax>99</xmax>
			<ymax>193</ymax>
		</bndbox>
	</object>
</annotation>
