<annotation>
	<folder>coral_fire_table</folder>
	<filename>24.jpg</filename>
	<path>C:\Users\Nabeelah\Desktop\coral classification\coral_fire_table\24.jpg</path>
	<source>
		<database>Unknown</database>
	</source>
	<size>
		<width>1920</width>
		<height>1080</height>
		<depth>3</depth>
	</size>
	<segmented>0</segmented>
	<object>
		<name>table</name>
		<pose>Unspecified</pose>
		<truncated>1</truncated>
		<difficult>0</difficult>
		<bndbox>
			<xmin>1</xmin>
			<ymin>231</ymin>
			<xmax>1629</xmax>
			<ymax>904</ymax>
		</bndbox>
	</object>
	<object>
		<name>table</name>
		<pose>Unspecified</pose>
		<truncated>0</truncated>
		<difficult>0</difficult>
		<bndbox>
			<xmin>1019</xmin>
			<ymin>691</ymin>
			<xmax>1916</xmax>
			<ymax>1075</ymax>
		</bndbox>
	</object>
</annotation>
