<annotation>
	<folder>coral_fire_table</folder>
	<filename>26.jpg</filename>
	<path>C:\Users\Nabeelah\Desktop\coral classification\coral_fire_table\26.jpg</path>
	<source>
		<database>Unknown</database>
	</source>
	<size>
		<width>768</width>
		<height>547</height>
		<depth>3</depth>
	</size>
	<segmented>0</segmented>
	<object>
		<name>table</name>
		<pose>Unspecified</pose>
		<truncated>0</truncated>
		<difficult>0</difficult>
		<bndbox>
			<xmin>146</xmin>
			<ymin>150</ymin>
			<xmax>525</xmax>
			<ymax>449</ymax>
		</bndbox>
	</object>
	<object>
		<name>table</name>
		<pose>Unspecified</pose>
		<truncated>0</truncated>
		<difficult>0</difficult>
		<bndbox>
			<xmin>498</xmin>
			<ymin>250</ymin>
			<xmax>738</xmax>
			<ymax>397</ymax>
		</bndbox>
	</object>
</annotation>
