<annotation>
	<folder>coral_fire_table</folder>
	<filename>28.jpg</filename>
	<path>C:\Users\Nabeelah\Desktop\coral classification\coral_fire_table\28.jpg</path>
	<source>
		<database>Unknown</database>
	</source>
	<size>
		<width>4746</width>
		<height>3154</height>
		<depth>3</depth>
	</size>
	<segmented>0</segmented>
	<object>
		<name>table</name>
		<pose>Unspecified</pose>
		<truncated>0</truncated>
		<difficult>0</difficult>
		<bndbox>
			<xmin>559</xmin>
			<ymin>1044</ymin>
			<xmax>3332</xmax>
			<ymax>1930</ymax>
		</bndbox>
	</object>
</annotation>
