<annotation>
	<folder>coral_fire_table</folder>
	<filename>3.jpg</filename>
	<path>C:\Users\Nabeelah\Desktop\coral classification\coral_fire_table\3.jpg</path>
	<source>
		<database>Unknown</database>
	</source>
	<size>
		<width>1280</width>
		<height>856</height>
		<depth>3</depth>
	</size>
	<segmented>0</segmented>
	<object>
		<name>table</name>
		<pose>Unspecified</pose>
		<truncated>0</truncated>
		<difficult>0</difficult>
		<bndbox>
			<xmin>256</xmin>
			<ymin>298</ymin>
			<xmax>1167</xmax>
			<ymax>793</ymax>
		</bndbox>
	</object>
</annotation>
