<annotation>
	<folder>coral_fire_table</folder>
	<filename>30.jpg</filename>
	<path>C:\Users\Nabeelah\Desktop\coral classification\coral_fire_table\30.jpg</path>
	<source>
		<database>Unknown</database>
	</source>
	<size>
		<width>275</width>
		<height>183</height>
		<depth>3</depth>
	</size>
	<segmented>0</segmented>
	<object>
		<name>table</name>
		<pose>Unspecified</pose>
		<truncated>0</truncated>
		<difficult>0</difficult>
		<bndbox>
			<xmin>46</xmin>
			<ymin>57</ymin>
			<xmax>165</xmax>
			<ymax>106</ymax>
		</bndbox>
	</object>
</annotation>
