<annotation>
	<folder>coral_fire_table</folder>
	<filename>31.jpg</filename>
	<path>C:\Users\Nabeelah\Desktop\coral classification\coral_fire_table\31.jpg</path>
	<source>
		<database>Unknown</database>
	</source>
	<size>
		<width>580</width>
		<height>435</height>
		<depth>3</depth>
	</size>
	<segmented>0</segmented>
	<object>
		<name>table</name>
		<pose>Unspecified</pose>
		<truncated>0</truncated>
		<difficult>0</difficult>
		<bndbox>
			<xmin>5</xmin>
			<ymin>128</ymin>
			<xmax>545</xmax>
			<ymax>404</ymax>
		</bndbox>
	</object>
</annotation>
