<annotation>
	<folder>coral_fire_table</folder>
	<filename>32.jpg</filename>
	<path>C:\Users\Nabeelah\Desktop\coral classification\coral_fire_table\32.jpg</path>
	<source>
		<database>Unknown</database>
	</source>
	<size>
		<width>440</width>
		<height>330</height>
		<depth>3</depth>
	</size>
	<segmented>0</segmented>
	<object>
		<name>table</name>
		<pose>Unspecified</pose>
		<truncated>0</truncated>
		<difficult>0</difficult>
		<bndbox>
			<xmin>51</xmin>
			<ymin>69</ymin>
			<xmax>423</xmax>
			<ymax>216</ymax>
		</bndbox>
	</object>
</annotation>
