<annotation>
	<folder>coral_fire_table</folder>
	<filename>34.jpg</filename>
	<path>C:\Users\Nabeelah\Desktop\coral classification\coral_fire_table\34.jpg</path>
	<source>
		<database>Unknown</database>
	</source>
	<size>
		<width>900</width>
		<height>589</height>
		<depth>3</depth>
	</size>
	<segmented>0</segmented>
	<object>
		<name>table</name>
		<pose>Unspecified</pose>
		<truncated>0</truncated>
		<difficult>0</difficult>
		<bndbox>
			<xmin>126</xmin>
			<ymin>73</ymin>
			<xmax>812</xmax>
			<ymax>288</ymax>
		</bndbox>
	</object>
	<object>
		<name>table</name>
		<pose>Unspecified</pose>
		<truncated>0</truncated>
		<difficult>0</difficult>
		<bndbox>
			<xmin>2</xmin>
			<ymin>382</ymin>
			<xmax>346</xmax>
			<ymax>499</ymax>
		</bndbox>
	</object>
</annotation>
