<annotation>
	<folder>coral_fire_table</folder>
	<filename>35.jpg</filename>
	<path>C:\Users\Nabeelah\Desktop\coral classification\coral_fire_table\35.jpg</path>
	<source>
		<database>Unknown</database>
	</source>
	<size>
		<width>275</width>
		<height>183</height>
		<depth>3</depth>
	</size>
	<segmented>0</segmented>
	<object>
		<name>table</name>
		<pose>Unspecified</pose>
		<truncated>0</truncated>
		<difficult>0</difficult>
		<bndbox>
			<xmin>23</xmin>
			<ymin>44</ymin>
			<xmax>223</xmax>
			<ymax>153</ymax>
		</bndbox>
	</object>
</annotation>
