<annotation>
	<folder>coral_fire_table</folder>
	<filename>37.jpg</filename>
	<path>C:\Users\Nabeelah\Desktop\coral classification\coral_fire_table\37.jpg</path>
	<source>
		<database>Unknown</database>
	</source>
	<size>
		<width>900</width>
		<height>601</height>
		<depth>3</depth>
	</size>
	<segmented>0</segmented>
	<object>
		<name>table</name>
		<pose>Unspecified</pose>
		<truncated>0</truncated>
		<difficult>0</difficult>
		<bndbox>
			<xmin>67</xmin>
			<ymin>152</ymin>
			<xmax>689</xmax>
			<ymax>554</ymax>
		</bndbox>
	</object>
</annotation>
