<annotation>
	<folder>coral_fire_table</folder>
	<filename>39.jpg</filename>
	<path>C:\Users\Nabeelah\Desktop\coral classification\coral_fire_table\39.jpg</path>
	<source>
		<database>Unknown</database>
	</source>
	<size>
		<width>580</width>
		<height>439</height>
		<depth>3</depth>
	</size>
	<segmented>0</segmented>
	<object>
		<name>table</name>
		<pose>Unspecified</pose>
		<truncated>0</truncated>
		<difficult>0</difficult>
		<bndbox>
			<xmin>35</xmin>
			<ymin>43</ymin>
			<xmax>553</xmax>
			<ymax>400</ymax>
		</bndbox>
	</object>
</annotation>
