<annotation>
	<folder>coral_fire_table</folder>
	<filename>40.jpg</filename>
	<path>C:\Users\Nabeelah\Desktop\coral classification\coral_fire_table\40.jpg</path>
	<source>
		<database>Unknown</database>
	</source>
	<size>
		<width>259</width>
		<height>194</height>
		<depth>3</depth>
	</size>
	<segmented>0</segmented>
	<object>
		<name>table</name>
		<pose>Unspecified</pose>
		<truncated>0</truncated>
		<difficult>0</difficult>
		<bndbox>
			<xmin>16</xmin>
			<ymin>72</ymin>
			<xmax>215</xmax>
			<ymax>137</ymax>
		</bndbox>
	</object>
</annotation>
