<annotation>
	<folder>coral_fire_table</folder>
	<filename>41.jpg</filename>
	<path>C:\Users\Nabeelah\Desktop\coral classification\coral_fire_table\41.jpg</path>
	<source>
		<database>Unknown</database>
	</source>
	<size>
		<width>460</width>
		<height>350</height>
		<depth>3</depth>
	</size>
	<segmented>0</segmented>
	<object>
		<name>table</name>
		<pose>Unspecified</pose>
		<truncated>0</truncated>
		<difficult>0</difficult>
		<bndbox>
			<xmin>23</xmin>
			<ymin>89</ymin>
			<xmax>435</xmax>
			<ymax>296</ymax>
		</bndbox>
	</object>
</annotation>
