<annotation>
	<folder>coral_fire_table</folder>
	<filename>42.JPG</filename>
	<path>C:\Users\Nabeelah\Desktop\coral classification\coral_fire_table\42.JPG</path>
	<source>
		<database>Unknown</database>
	</source>
	<size>
		<width>894</width>
		<height>479</height>
		<depth>3</depth>
	</size>
	<segmented>0</segmented>
	<object>
		<name>table</name>
		<pose>Unspecified</pose>
		<truncated>0</truncated>
		<difficult>0</difficult>
		<bndbox>
			<xmin>118</xmin>
			<ymin>147</ymin>
			<xmax>867</xmax>
			<ymax>455</ymax>
		</bndbox>
	</object>
</annotation>
