<annotation>
	<folder>coral_fire_table</folder>
	<filename>44.jpg</filename>
	<path>C:\Users\Nabeelah\Desktop\coral classification\coral_fire_table\44.jpg</path>
	<source>
		<database>Unknown</database>
	</source>
	<size>
		<width>824</width>
		<height>550</height>
		<depth>3</depth>
	</size>
	<segmented>0</segmented>
	<object>
		<name>table</name>
		<pose>Unspecified</pose>
		<truncated>0</truncated>
		<difficult>0</difficult>
		<bndbox>
			<xmin>105</xmin>
			<ymin>233</ymin>
			<xmax>595</xmax>
			<ymax>495</ymax>
		</bndbox>
	</object>
</annotation>
