<annotation>
	<folder>coral_fire_table</folder>
	<filename>46.jpg</filename>
	<path>C:\Users\Nabeelah\Desktop\coral classification\coral_fire_table\46.jpg</path>
	<source>
		<database>Unknown</database>
	</source>
	<size>
		<width>825</width>
		<height>550</height>
		<depth>3</depth>
	</size>
	<segmented>0</segmented>
	<object>
		<name>table</name>
		<pose>Unspecified</pose>
		<truncated>0</truncated>
		<difficult>0</difficult>
		<bndbox>
			<xmin>57</xmin>
			<ymin>189</ymin>
			<xmax>800</xmax>
			<ymax>488</ymax>
		</bndbox>
	</object>
</annotation>
