<annotation>
	<folder>coral_fire_table</folder>
	<filename>47.jpg</filename>
	<path>C:\Users\Nabeelah\Desktop\coral classification\coral_fire_table\47.jpg</path>
	<source>
		<database>Unknown</database>
	</source>
	<size>
		<width>824</width>
		<height>550</height>
		<depth>3</depth>
	</size>
	<segmented>0</segmented>
	<object>
		<name>table</name>
		<pose>Unspecified</pose>
		<truncated>0</truncated>
		<difficult>0</difficult>
		<bndbox>
			<xmin>82</xmin>
			<ymin>136</ymin>
			<xmax>415</xmax>
			<ymax>356</ymax>
		</bndbox>
	</object>
	<object>
		<name>table</name>
		<pose>Unspecified</pose>
		<truncated>0</truncated>
		<difficult>0</difficult>
		<bndbox>
			<xmin>498</xmin>
			<ymin>148</ymin>
			<xmax>765</xmax>
			<ymax>285</ymax>
		</bndbox>
	</object>
</annotation>
