<annotation>
	<folder>coral_fire_table</folder>
	<filename>48.jpg</filename>
	<path>C:\Users\Nabeelah\Desktop\coral classification\coral_fire_table\48.jpg</path>
	<source>
		<database>Unknown</database>
	</source>
	<size>
		<width>300</width>
		<height>168</height>
		<depth>3</depth>
	</size>
	<segmented>0</segmented>
	<object>
		<name>table</name>
		<pose>Unspecified</pose>
		<truncated>1</truncated>
		<difficult>0</difficult>
		<bndbox>
			<xmin>47</xmin>
			<ymin>21</ymin>
			<xmax>265</xmax>
			<ymax>168</ymax>
		</bndbox>
	</object>
</annotation>
