<annotation>
	<folder>coral_fire_table</folder>
	<filename>49.jpg</filename>
	<path>C:\Users\Nabeelah\Desktop\coral classification\coral_fire_table\49.jpg</path>
	<source>
		<database>Unknown</database>
	</source>
	<size>
		<width>259</width>
		<height>194</height>
		<depth>3</depth>
	</size>
	<segmented>0</segmented>
	<object>
		<name>table</name>
		<pose>Unspecified</pose>
		<truncated>0</truncated>
		<difficult>0</difficult>
		<bndbox>
			<xmin>70</xmin>
			<ymin>28</ymin>
			<xmax>237</xmax>
			<ymax>117</ymax>
		</bndbox>
	</object>
	<object>
		<name>table</name>
		<pose>Unspecified</pose>
		<truncated>1</truncated>
		<difficult>0</difficult>
		<bndbox>
			<xmin>10</xmin>
			<ymin>109</ymin>
			<xmax>193</xmax>
			<ymax>194</ymax>
		</bndbox>
	</object>
</annotation>
