<annotation>
	<folder>coral_fire_table</folder>
	<filename>5.jpg</filename>
	<path>C:\Users\Nabeelah\Desktop\coral classification\coral_fire_table\5.jpg</path>
	<source>
		<database>Unknown</database>
	</source>
	<size>
		<width>1024</width>
		<height>576</height>
		<depth>3</depth>
	</size>
	<segmented>0</segmented>
	<object>
		<name>table</name>
		<pose>Unspecified</pose>
		<truncated>0</truncated>
		<difficult>0</difficult>
		<bndbox>
			<xmin>345</xmin>
			<ymin>221</ymin>
			<xmax>925</xmax>
			<ymax>495</ymax>
		</bndbox>
	</object>
</annotation>
