<annotation>
	<folder>coral_fire_table</folder>
	<filename>54.jpg</filename>
	<path>C:\Users\Nabeelah\Desktop\coral classification\coral_fire_table\54.jpg</path>
	<source>
		<database>Unknown</database>
	</source>
	<size>
		<width>900</width>
		<height>589</height>
		<depth>3</depth>
	</size>
	<segmented>0</segmented>
	<object>
		<name>table</name>
		<pose>Unspecified</pose>
		<truncated>0</truncated>
		<difficult>0</difficult>
		<bndbox>
			<xmin>123</xmin>
			<ymin>72</ymin>
			<xmax>796</xmax>
			<ymax>274</ymax>
		</bndbox>
	</object>
	<object>
		<name>table</name>
		<pose>Unspecified</pose>
		<truncated>0</truncated>
		<difficult>0</difficult>
		<bndbox>
			<xmin>4</xmin>
			<ymin>383</ymin>
			<xmax>342</xmax>
			<ymax>496</ymax>
		</bndbox>
	</object>
</annotation>
